 [
  {
    "original_language": "en",
    "overview": "When a peaceful colony on the edge of the galaxy finds itself threatened by the armies of the tyrannical Regent Balisarius, they dispatch Kora, a young woman with a mysterious past, to seek out warriors from neighboring planets to help them take a stand.",
    "popularity": 2136.3,
    "release_date": "2023-12-15",
    "title": "Rebel Moon - Part One: A Child of Fire"
  },
  {     
    "original_language": "en",
    "overview": "Black Manta, still driven by the need to avenge his father's death and wielding the power of the mythic Black Trident, will stop at nothing to take Aquaman down once and for all. To defeat him, Aquaman must turn to his imprisoned brother Orm, the former King of Atlantis, to forge an unlikely alliance in order to save the world from irreversible destruction.",
    "popularity": 1605.303,
    "release_date": "2023-12-20",
    "title": "Aquaman and the Lost Kingdom"

  },
  {
    "original_language": "en",
    "overview": "64 years before he becomes the tyrannical president of Panem, Coriolanus Snow sees a chance for a change in fortunes when he mentors Lucy Gray Baird, the female tribute from District 12.",
    "popularity": 1509.974,
    "release_date": "2023-11-15",
    "title": "The Hunger Games: The Ballad of Songbirds & Snakes"

  }
]